{"cameraMode":{"drawMode":0,"name":"Shaded","section":"Shading Mode"},"sceneLighting":true,"audioPlay":false,"sceneViewState":{"m_AlwaysRefresh":false,"showFog":true,"showSkybox":true,"showFlares":true,"showImageEffects":true,"showParticleSystems":true,"showVisualEffectGraphs":true,"m_FxEnabled":true},"in2DMode":false,"pivot":{"x":-5.373495101928711,"y":58.33749008178711,"z":-15.351486206054688},"rotation":{"x":-0.6437421441078186,"y":-0.0035098670050501825,"z":0.002521936083212495,"w":-0.7653453350067139},"size":30.121395111083986,"orthographic":false}