{"cameraMode":{"drawMode":0,"name":"Shaded","section":"Shading Mode"},"sceneLighting":true,"audioPlay":false,"sceneViewState":{"m_AlwaysRefresh":false,"showFog":true,"showSkybox":true,"showFlares":true,"showImageEffects":true,"showParticleSystems":true,"showVisualEffectGraphs":true,"m_FxEnabled":true},"in2DMode":false,"pivot":{"x":19.277591705322267,"y":-16.462671279907228,"z":21.46909523010254},"rotation":{"x":0.6600536704063416,"y":0.0033811423927545549,"z":-0.002968553686514497,"w":0.7512087225914002},"size":41.70220184326172,"orthographic":false}